Sequencial,OpenMP,Thrust,n_film
0.10463525100021798,0.1031727999998111,0.20308282100040742,5
0.10314168300010351,0.10344159299984312,0.2051542019999033,10
0.10293530699982512,0.10270812599992496,0.2034068309999384,15
0.10270787400031622,0.10525683300011224,0.2032367060000979,20
2.508784789999936,0.4035884380000425,0.20365436800011594,25
86.72022726399973,55.64278836599988,1.3063775370001167,30
133.86684732599997,73.45672083799991,2.0082937249999304,31
