heuristica,aleatorio,tamanho
0.21618706290610135,0.21688253991305828,10
0.21527124103158712,0.2164012249559164,100
0.21521092485636473,0.21714970492757857,1000
0.22101338487118483,0.21980588301084936,10000
0.260237525915727,0.26152454083785415,100000
0.6713956061284989,0.6806179310660809,1000000
4.90797344991006,4.9691866969224066,10000000
49.646560658933595,48.79612492513843,100000000
